run,seed,best_fitness,evaluations,time_sec
1,0,0.009999499714600618,5050,0.1299
2,1,0.0040370835333722365,5050,0.1125
3,2,0.009413584991856697,5050,0.0977
4,3,0.015729249970608455,5050,0.099
5,4,0.006877497327359974,5050,0.1137
6,5,0.007931990089278381,5050,0.1138
7,6,0.009683380758751641,5050,0.1042
8,7,0.012057015805445498,5050,0.1145
9,8,0.0143134553003306,5050,0.1456
10,9,0.013728181452866122,5050,0.1015
11,10,0.0022712571424990296,5050,0.0683
12,11,0.0023644434853559914,5050,0.0798
13,12,0.007994399274817777,5050,0.0716
14,13,0.00744059950046889,5050,0.0802
15,14,0.0024567714768300706,5050,0.1564
16,15,0.01108869305235577,5050,0.0725
17,16,0.0021302804572953843,5050,0.0847
18,17,0.008626881935522763,5050,0.1257
19,18,0.004955585964947229,5050,0.1056
20,19,0.010703410786886655,5050,0.0878
